{
    "__comment": "Made with TheDestruc7i0n's advancements generator: https://advancements.thedestruc7i0n.ca",
    "criteria": {
        "c1": {
            "trigger": "minecraft:player_hurt_entity",
            "conditions": {
                "entity": {
                    "nbt": "{Tags:[\"aihunter\"]}"
                },
                "damage": {
                    "type": {
                        "direct_entity": {
                            "type": "minecraft:player"
                        }
                    }
                }
            }
        }
    },
    "rewards": {
        "function": "aihunter:hit_direct"
    }
}